survived,pclass,age,sibsp,parch,fare,adult_male,alone
1.0,-0.3384810359610151,-0.06491041993052588,-0.0353224988857356,0.08162940708348336,0.2573065223849626,-0.5570800422053259,-0.20336708569989184
-0.3384810359610151,1.0,-0.33989832839258594,0.08308136284568687,0.018442671310748508,-0.5494996199439075,0.09403504971590519,0.13520715256449053
-0.06491041993052588,-0.33989832839258594,1.0,-0.23329633125248897,-0.1724819540369487,0.0966884221803649,0.24770375622372506,0.17164748798378504
-0.0353224988857356,0.08308136284568687,-0.23329633125248897,1.0,0.41483769862015635,0.159651043242161,-0.25358568216181276,-0.5844711694024876
0.08162940708348336,0.018442671310748508,-0.1724819540369487,0.41483769862015635,1.0,0.2162249447707645,-0.3499427513001228,-0.5833976837814464
0.2573065223849626,-0.5494996199439075,0.0966884221803649,0.159651043242161,0.2162249447707645,1.0,-0.18202373008059772,-0.27183235810610834
-0.5570800422053259,0.09403504971590519,0.24770375622372506,-0.25358568216181276,-0.3499427513001228,-0.18202373008059772,1.0,0.4047438689518039
-0.20336708569989184,0.13520715256449053,0.17164748798378504,-0.5844711694024876,-0.5833976837814464,-0.27183235810610834,0.4047438689518039,1.0
